"PAIS","PROVINCIA"
"ARGENTINA","SANTA_FE"
"ARGENTINA","LA_PAMPA"
"ARGENTINA","ENTRE_RIOS"
"SUIZA","GENEVE"
"CANADA","SIN_INFORMAR"
"ITALIA","LOMBARDIA"
"ESPAÑA","LAS_PALMAS"
"PARAGUAY","CENTRAL"
"BRASIL","BAHIA"
"ESPAÑA","SEVILLA"
"ESPAÑA","ASTURIAS"
"PORTUGAL","PORTO"
"VENEZUELA","SIN_INFORMAR"
"CANADA","ONTARIO"
"SUIZA","AARGAU"
"ALEMANIA","BERLIN"
"MALASIA","SELANGOR"
"ESPAÑA","HUELVA"
"PORTUGAL","FARO"
"AUSTRIA","SIN_INFORMAR"
"ESPAÑA","ALBACETE"
"BOLIVIA","CHUQUISACA"
"SIRIA","DIMASHQ"
"PARAGUAY","CAAGUAZU"
"ESTADOS_UNIDOS","COLORADO"
"VENEZUELA","BOLIVAR"
"ECUADOR","LOS_RIOS"
"PERU","SIN_INFORMAR"
"ESPAÑA","CUENCA"
"BOLIVIA","ORURO"
"ITALIA","UMBRIA"
"EMIRATOS_ARABES_UNIDOS","DUBAI"
"MEXICO","NAYARIT"
"REPUBLICA_CHECA","HLAVNI_MESTO_PRAHA"
"ESTADOS_UNIDOS","WISCONSIN"
"COREA_DEL_SUR","SEOUL-TUKPYOLSI"
"POLONIA","MALOPOLSKIE"
"REINO_UNIDO","SURREY"
"ESLOVENIA","LJUBLJANA"
"COLOMBIA","SUCRE"
"JAPON","TOKYO"
"SIRIA","SIN_INFORMAR"
"REINO_UNIDO","BOLTON"
"COLOMBIA","CHOCO"
"PORTUGAL","SIN_INFORMAR"
"ESTADOS_UNIDOS","MISSOURI"
"REPUBLICA_DOMINICANA","ESPAILLAT"
"ESTADOS_UNIDOS","PUERTO_RICO"
"CHILE","ATACAMA"
"REINO_UNIDO","ESSEX"
"GRECIA","ATTIKI"
"TAILANDIA","PHUKET"
"ALEMANIA","MECKLENBURG-VORPOMMERN"
"BRASIL","RIO_GRANDE_DO_NORTE"
"PARAGUAY","CONCEPCION"
"ITALIA","SICILIA"
"MEXICO","GUERRERO"
"GUATEMALA","ESCUINTLA"
"SUECIA","SODERMANLANDS_LAN"
"REINO_UNIDO","WEST_MIDLANDS"
"REINO_UNIDO","FLINTSHIRE"
"ECUADOR","IMBABURA"
"BRASIL","PARA"
"BRASIL","ALAGOAS"
"PORTUGAL","BEJA"
"REINO_UNIDO","RICHMOND_UPON_THAMES"
"MOZAMBIQUE","MAPUTO"
"CHILE","AISEN_DEL_GENERAL_CARLOS_IBANEZ_DEL_CAMPO"
"LIBANO","BEYROUTH"
"CANADA","SASKATCHEWAN"
"FRANCIA","LIMOUSIN"
"COLOMBIA","NARINO"
"NORUEGA","ROGALAND"
"UCRANIA","IVANO-FRANKIVS_KA_OBLAST"
"MEXICO","ZACATECAS"
"IRLANDA","WEXFORD"
"REINO_UNIDO","HERTFORD"
"LIECHTENSTEIN","MAUREN"
"REPUBLICA_DOMINICANA","SAN_JUAN"
"REINO_UNIDO","NORFOLK"
"BELGICA","WEST-VLAANDEREN"
"AUSTRIA","KARNTEN"
"SUDAFRICA","NORTH-WEST"
"ANDORRA","ORDINO"
"BELGICA","HAINAUT"
"REINO_UNIDO","BROMLEY"
"TRINIDAD_Y_TOBAGO","SIN_INFORMAR"
"ALEMANIA","CIUDAD_DE_BUENOS_AIRES"
"EL_SALVADOR","SIN_INFORMAR"
"REINO_UNIDO","BELFAST"
"NUEVA_ZELANDA","WANGANUI"
"BELGICA","LUXEMBOURG"
"SUIZA","ZUG"
"PARAGUAY","BOQUERON"
"REINO_UNIDO","ANGUS"
"COLOMBIA","CESAR"
"ISRAEL","YERUSHALAYIM"
"REINO_UNIDO","BRACKNELL_FOREST"
"ESLOVENIA","ZALEC"
"IRLANDA","WATERFORD"
"PORTUGAL","CASTELO_BRANCO"
"SUIZA","SCHWYZ"
"REINO_UNIDO","WINDSOR_AND_MAIDENHEAD"
"JAPON","MIYAGI"
"REPUBLICA_DOMINICANA","MONSENOR_NOUEL"
"GRECIA","LARISA"
"REINO_UNIDO","MIDDLESBROUGH"
"Paises_Bajos","UTRECHT"
"LITUANIA","MARIJAMPOLES_APSKRITIS"
"TAILANDIA","SIN_INFORMAR"
"COLOMBIA","CORDOBA"
"LIECHTENSTEIN","VADUZ"
"IRLANDA","KILDARE"
"RUMANIA","BIHOR"
"REPUBLICA_POPULAR_CHINA","HUBEI"
"PAPUA_NUEVA_GUINEA","SANDAUN"
"ZIMBABUE","HARARE"
"SUECIA","GAVLEBORGS_LAN"
"INDIA","TAMIL_NADU"
"PORTUGAL","COIMBRA"
"MEXICO","SINALOA"
"CAMBOYA","SIN_INFORMAR"
"COLOMBIA","HUILA"
"GHANA","GREATER_ACCRA"
"REPUBLICA_DEMOCRATICA_DEL_CONGO","CONGO,_THE_DEMOCRATIC_REPUBLIC_OF_THE_(GENERAL)"
"BRUNEI_DARUSSALAM","BELAIT"
"DINAMARCA","RINGKOBING"
"CUBA","CIENFUEGOS"
"LIBANO","NABATIYE"
"INDIA","UTTAR_PRADESH"
"MONACO","SIN_INFORMAR"
"AUSTRIA","BURGENLAND"
"JAPON","IWATE"
"GUATEMALA","QUICHE"
"NICARAGUA","CARAZO"
"EL_SALVADOR","LA_UNION"
"JAPON","EHIME"
"PORTUGAL","MADEIRA"
"NUEVA_ZELANDA","WAIHEKE"
"VIETNAM","SIN_INFORMAR"
"JAMAICA","KINGSTON"
"NICARAGUA","LEON"
"DINAMARCA","FREDERIKSBORG"
"COLOMBIA","PUTUMAYO"
"REINO_UNIDO","BARKING_AND_DAGENHAM"
"SAN_MARINO","SERRAVALLE"
"UCRANIA","VINNYTS_KA_OBLAST"
"ECUADOR","SUCUMBIOS"
"FILIPINAS","CALOOCAN"
"PORTUGAL","BRAGA"
"INDIA","ANDHRA_PRADESH"
"DINAMARCA","VESTSJALLAND"
"FILIPINAS","BAGUIO"
"MALASIA","PERAK"
"NUEVA_ZELANDA","PAHIATUA"
"NORUEGA","OPPLAND"
"ESLOVENIA","NOVA_GORICA"
"TAILANDIA","SAMUT_PRAKAN"
" ","CHUBUT"
" ","SAN JUAN"
" ","NEUQUEN"
"HONDURAS","COLON"
"GRECIA","IOANNINA"
"LIECHTENSTEIN","SCHAAN"
"REINO_UNIDO","WIRRAL"
"RUSIA","TYUMEN"
"HUNGRIA","TOLNA"
"ARGENTINA","NOORD-BRABANT"
"COREA_DEL_SUR","CORDOBA"
"GRECIA","ARGOLIS"
"REPUBLICA_POPULAR_CHINA","HENAN"
"ARGENTINA","BUENOS_AIRES"
"ARGENTINA","MENDOZA"
"ARGENTINA","FORMOSA"
"ARGENTINA","TIERRA_DEL_FUEGO"
"ESPAÑA","LUGO"
"PERU","LIMA"
"ALEMANIA","BADEN-WBERG_BAYERN"
"CHILE","SIN_INFORMAR"
"ESTADOS_UNIDOS","ILLINOIS"
"ESPAÑA","ALICANTE"
"PARAGUAY","PARAGUARI"
"PERU","PIURA"
"ESTADOS_UNIDOS","GEORGIA"
"BOLIVIA","LA_PAZ"
"ESPAÑA","TARRAGONA"
"BRASIL","PERNAMBUCO"
"URUGUAY","CANELONES"
"BOLIVIA","SANTA_CRUZ"
"ESTADOS_UNIDOS","OREGON"
"BRASIL","RIO_DE_JANEIRO"
"AUSTRALIA","NEW_SOUTH_WALES"
"ESPAÑA","CANTABRIA"
"IRLANDA","DUBLIN"
"SUIZA","ZURICH"
"ESTADOS_UNIDOS","CONNECTICUT"
"CANADA","NOVA_SCOTIA"
"VENEZUELA","DISTRITO_FEDERAL"
"SUIZA","SIN_INFORMAR"
"ITALIA","FRIULI-VENEZIA_GIULIA"
"REPUBLICA_POPULAR_CHINA","BEIJING"
"ECUADOR","TUNGURAHUA"
"CUBA","SANTIAGO_DE_CUBA"
"MEXICO","TABASCO"
"MEXICO","SONORA"
"MEXICO","QUINTANA_ROO"
"COSTA_RICA","HEREDIA"
"ITALIA","ITALY_(GENERAL)"
"ITALIA","MARCHE"
"SINGAPUR","SINGAPORE_(GENERAL)"
"MEXICO","QUERETARO_DE_ARTEAGA"
"PARAGUAY","GUAIRA"
"ESTADOS_UNIDOS","ALABAMA"
"URUGUAY","SORIANO"
"ITALIA","ABRUZZI"
"ITALIA","MOLISE"
"URUGUAY","ROCHA"
"COSTA_RICA","CARTAGO"
"NUEVA_ZELANDA","MANAWATU"
"FRANCIA","PROVENCE-ALPES-COTE_D_AZUR"
"JAPON","TOCHIGI"
"ALEMANIA","SCHLESWIG-HOLSTEIN"
"ESPAÑA","CORDOBA"
"REINO_UNIDO","BATH_AND_NORTH_EAST_SOMERSET"
"MEXICO","CAMPECHE"
"TAIWAN","KAO-HSIUNG"
"URUGUAY","SIN_INFORMAR"
"SUIZA","VAUD"
"SUECIA","SIN_INFORMAR"
"COSTA_RICA","GUANACASTE"
"CANADA","MANITOBA"
"HUNGRIA","FEJER"
"ALEMANIA","RHEINLAND-PFALZ"
"ESTADOS_UNIDOS","HAWAII"
"SAN_MARINO","SAN_MARINO"
"IRLANDA","CORK"
"ESPAÑA","FORMENTERA"
"MEXICO","SAN_LUIS_POTOSI"
"FRANCIA","PICARDIE"
"EMIRATOS_ARABES_UNIDOS","SHARJAH"
"SUDAFRICA","KWAZULU-NATAL"
"MEXICO","CHIAPAS"
"REINO_UNIDO","BUCKINGHAMSHIRE"
"Paises_Bajos","FLEVOLAND"
"MEXICO","BAJA_CALIFORNIA_SUR"
"EL_SALVADOR","SAN_SALVADOR"
"REINO_UNIDO","GREATER_LONDON"
"KUWAIT","HAWALLI"
"ANDORRA","SIN_INFORMAR"
"VIETNAM","HANOI"
"ANDORRA","LA_MASSANA"
"ECUADOR","SIN_INFORMAR"
"POLONIA","WARSZAWA"
"COLOMBIA","NORTE_DE_SANTANDER"
"LIBANO","SIN_INFORMAR"
"SUECIA","GOTEBORGS_OCH_BOHUS_LAN"
"PAPUA_NUEVA_GUINEA","SIN_INFORMAR"
"SUIZA","SCHAFFHAUSEN"
"TAIWAN","T_AI-PEI"
"MEXICO","TAMAULIPAS"
"PERU","CALLAO"
"HOLANDA","GRONINGEN"
"REINO_UNIDO","LINCOLNSHIRE"
"NUEVA_ZELANDA","ASHBURTON"
"RUMANIA","BUCURESTI"
"PORTUGAL","EVORA"
"REINO_UNIDO","LANCASHIRE"
"BOSNIA_Y_HERZEGOVINA","REPUBLIKA_SRPSKA"
"INDIA","PUNJAB"
"BRASIL","MATO_GROSSO"
"LUXEMBURGO","LUXEMBOURG"
"REINO_UNIDO","NOTTINGHAM"
"GUATEMALA","JUTIAPA"
"ESTADOS_UNIDOS","ALASKA"
"HOLANDA","UTRECHT"
"REPUBLICA_POPULAR_CHINA","SHANXI"
"COREA_DEL_SUR","KYONGGI-DO"
"REINO_UNIDO","BRIGHTON_AND_HOVE"
"ESPAÑA","SIN_INFORMAR"
"SAN_MARINO","BORGO_MAGGIORE"
"REINO_UNIDO","WEST_BERKSHIRE"
"URUGUAY","FLORIDA"
"ESLOVAQUIA","NITRA"
"HONDURAS","ATLANTIDA"
"SUECIA","VASTMANLANDS_LAN"
"SAN_MARINO","ACQUAVIVA"
"RUSIA","MOSKVA"
"VENEZUELA","FALCON"
"REINO_UNIDO","CHESHIRE"
"REINO_UNIDO","COVENTRY"
"BELGICA","NAMUR"
"DINAMARCA","ARHUS"
"ANTIGUA_AND_BARBUDA","SIN_INFORMAR"
"PORTUGAL","PORTALEGRE"
"NUEVA_ZELANDA","GOLDEN_BAY"
"MOZAMBIQUE","INHAMBANE"
"REINO_UNIDO","SOMERSET"
"REINO_UNIDO","ABERDEENSHIRE"
"VENEZUELA","GUARICO"
"ESTADOS_UNIDOS","NORTH_DAKOTA"
"SIRIA","HALAB"
"CANADA","YUKON_TERRITORY"
"REPUBLICA_POPULAR_CHINA","ANHUI"
"REINO_UNIDO","NEWRY_AND_MOURNE"
"REPUBLICA_CHECA","MORAVSKOSLEZSKY_KRAJ"
"JAPON","KAGAWA"
"REPUBLICA_POPULAR_CHINA","CHONGQING"
"BOLIVIA","EL_BENI"
"EMIRATOS_ARABES_UNIDOS","SIN_INFORMAR"
"REINO_UNIDO","COOKSTOWN"
"REPUBLICA_DOMINICANA","SAN_PEDRO_DE_MACORIS"
"PANAMA","COLON"
"REINO_UNIDO","PLYMOUTH"
"REINO_UNIDO","MERSEYSIDE"
"HOLANDA","FRIESLAND"
"NUEVA_ZELANDA","TAURANGA"
"REINO_UNIDO","NORTHAMPTONSHIRE"
"MOZAMBIQUE","TETE"
"ESPAÑA","CHUBUT"
"HUNGRIA","PEST"
"ARGENTINA","PTO_ARGENTINO(I_MALVINAS)"
"COREA_DEL_SUR","CHOLLA-BUKTO"
"GRECIA","KERKIRA"
"COREA_DEL_SUR","PUSAN-JIKHALSI"
"REPUBLICA_POPULAR_CHINA","JIANGXI"
"ESLOVENIA","DOMZALE"
"NUEVA_ZELANDA","LAKE"
"ESLOVENIA","IVANCNA_GORICA"
"CHIPRE","LARNACA"
"BIELORRUSIA","SIN_INFORMAR"
"SUECIA","BLEKINGE_LAN"
"REINO_UNIDO","MIDLOTHIAN"
"REINO_UNIDO","AVON"
"RUSIA","BELGOROD"
"BULGARIA","GRAD_SOFIYA"
"INDONESIA","YOGYAKARTA"
"RUSIA","TULA"
"INDONESIA","SUMATERA_UTARA"
"REINO_UNIDO","POOLE"
"IRLANDA","OFFALY"
"EL_SALVADOR","CUSCATLAN"
"NUEVA_ZELANDA","HAURAKI_PLAINS"
"ARGENTINA","MOVILES"
"INDIA","MAHARASHTRA"
"SUECIA","HALLANDS_LAN"
"MALASIA","MELAKA"
"ECUADOR","ZAMORA-CHINCHIPE"
"REPUBLICA_POPULAR_CHINA","LIAONING"
"BRASIL","RONDONIA"
"NICARAGUA","MATAGALPA"
"HONDURAS","CHOLUTECA"
"REINO_UNIDO","WALTHAM_FOREST"
"RUMANIA","ARAD"
"BAHREIN","AL_MANAMAH"
"MARRUECOS","TETOUAN"
"ESLOVENIA","RADENCI"
"LITUANIA","KAUNO_APSKRITIS"
"REINO_UNIDO","WARRINGTON"
"INDIA","JAMMU_AND_KASHMIR"
"GUATEMALA","IZABAL"
"COLOMBIA","CALDAS_DEPARTMENT"
"LIECHTENSTEIN","TRIESEN"
"GRECIA","DHODHEKANISOS"
"RUSIA","LENINGRAD"
" ","CIUDAD AUTONOMA DE BS AS"
" ","BUENOS AIRES"
" ","LA PAMPA"
" ","SANTA FE"
"KIRIBATI","SIN_INFORMAR"
"ESLOVENIA","IG"
"POLONIA","GDANSK"
"REPUBLICA_DOMINICANA","DAJABON"
"ESTADOS_UNIDOS","SANTA_FE"
"FINLANDIA","WESTERN_FINLAND"
"FILIPINAS","ANTIQUE"
"ARGENTINA","DESA_HUMANO"
"MOZAMBIQUE","MANICA"
"EL_SALVADOR","SAN_MIGUEL"
"ESTADOS_UNIDOS","PALAU"
"CHILE","BUENOS_AIRES"
"GIBRALTAR","GIBRALTAR_(GENERAL)"
"NICARAGUA","MASAYA"
"REINO_UNIDO","EAST_DUNBARTONSHIRE"
"INDIA","WEST_BENGAL"
"ESLOVENIA","KOPER-CAPODISTRIA"
"BRUNEI_DARUSSALAM","SIN_INFORMAR"
"ARGENTINA","CORDOBA"
"ARGENTINA","TUCUMAN"
"ARGENTINA","MISIONES"
"ARGENTINA","SAN_JUAN"
"EGIPTO","AL_BAHR_AL_AHMAR"
"CHILE","REGION_METROPOLITANA"
"ESTADOS_UNIDOS","NEW_JERSEY"
"FRANCIA","MIDI-PYRENEES"
"COLOMBIA","MAGDALENA"
"ITALIA","LIGURIA"
"ALEMANIA","HESSEN"
"ESPAÑA","GRANADA"
"ESTADOS_UNIDOS","NEW_YORK"
"PARAGUAY","ALTO_PARANA"
"ESPAÑA","TENERIFE"
"ALEMANIA","HAMBURG"
"ITALIA","PIEMONTE"
"ESPAÑA","HUESCA"
"ALEMANIA","NIEDERSACHSEN"
"ECUADOR","EL_ORO"
"ITALIA","EMILIA-ROMAGNA"
"URUGUAY","PAYSANDU"
"ECUADOR","AZUAY"
"PARAGUAY","CAAZAPA"
"CANADA","ALBERTA"
"ALEMANIA","NORDRHEIN-WESTFALEN"
"ESPAÑA","TERUEL"
"PARAGUAY","ALTO_PARAGUAY"
"VENEZUELA","ZULIA"
"PERU","LA_LIBERTAD"
"ESPAÑA","LEON"
"CANADA","BRITISH_COLUMBIA"
"ECUADOR","MANABI"
"HONDURAS","FRANCISCO_MORAZAN"
"ESPAÑA","MENORCA"
"SUIZA","NEUCHATEL"
"REPUBLICA_CHECA","JIHOMORAVSKY_KRAJ"
"ESPAÑA","BADAJOZ"
"DINAMARCA","KOBENHAVN"
"ANDORRA","ANDORRA_LA_VELLA"
"SUECIA","UPPSALA_LAN"
"PARAGUAY","PRESIDENTE_HAYES"
"ESPAÑA","LA_RIOJA"
"ESTADOS_UNIDOS","NEW_HAMPSHIRE"
"SUIZA","SANKT_GALLEN"
"CUBA","LA_HABANA"
"REINO_UNIDO","SUFFOLK"
"ECUADOR","ESMERALDAS"
"EGIPTO","AL_JIZAH"
"ECUADOR","ORELLANA"
"ESPAÑA","SEGOVIA"
"FRANCIA","BRETAGNE"
"INDONESIA","SUMATERA_BARAT"
"ESTADOS_UNIDOS","KANSAS"
"REINO_UNIDO","WEST_SUSSEX"
"CROACIA","DUBROVACKO-NERETVANSKA"
"ALEMANIA","SAARLAND"
"REPUBLICA_DOMINICANA","SANTIAGO"
"ESPAÑA","ZAMORA"
"INDONESIA","JAKARTA_RAYA"
"PERU","AREQUIPA"
"IRAN","SIN_INFORMAR"
"FRANCIA","FRANCHE-COMTE"
"COLOMBIA","QUINDIO"
"BRASIL","MARANHAO"
"REINO_UNIDO","KINGSTON_UPON_THAMES"
"MONACO","MONACO"
"VENEZUELA","MONAGAS"
"BRASIL","TOCANTINS"
"SUIZA","SOLOTHURN"
"REINO_UNIDO","STIRLING"
"MEXICO","COAHUILA_DE_ZARAGOZA"
"NORUEGA","SOR-TRONDELAG"
"REPUBLICA_POPULAR_CHINA","TAIWAN"
"EGIPTO","AL_QAHIRAH"
"UCRANIA","SIN_INFORMAR"
"REPUBLICA_DOMINICANA","SAMANA"
"REINO_UNIDO","PETERBOROUGH"
"GUATEMALA","JALAPA"
"REINO_UNIDO","POWYS"
"REINO_UNIDO","NORTH_YORKSHIRE"
"MALASIA","JOHOR"
"URUGUAY","LAVALLEJA"
"PERU","SAN_MARTIN"
"REPUBLICA_CHECA","STREDOCESKY_KRAJ"
"FILIPINAS","MANILA"
"VENEZUELA","TRUJILLO"
"REINO_UNIDO","NORTH_SOMERSET"
"MEXICO","TLAXCALA"
"ISLANDIA","HAFNARFJORDUR"
"ESLOVENIA","SKOFLJICA"
"DINAMARCA","VEJLE"
"PANAMA","CHIRIQUI"
"EL_SALVADOR","LA_PAZ"
"UCRANIA","VOLYNS_KA_OBLAST"
"POLONIA","BYDGOSZCZ"
"VIRGIN_ISLANDS_BRITISH","SIN_INFORMAR"
"NORUEGA","BUSKERUD"
"CROACIA","SPLITSKO-DALMATINSKA"
"JAPON","NIIGATA"
"REPUBLICA_POPULAR_CHINA","HUNAN"
"REINO_UNIDO","CUMBRIA"
"COLOMBIA","DISTRITO_ESPECIAL"
"URUGUAY","FLORES"
"MACAO","MACAU"
"REPUBLICA_CHECA","PARDUBICKY_KRAJ"
"TAILANDIA","CHON_BURI"
"NORUEGA","HEDMARK"
"POLONIA","LUBELSKIE"
"REINO_UNIDO","WARWICKSHIRE"
"TURQUIA","SIN_INFORMAR"
"BERMUDA","PAGET"
"Paises_Bajos","GRONINGEN"
"ECUADOR","PASTAZA"
"NORUEGA","SOGN_OG_FJORDANE"
"SUDAFRICA","FREE_STATE"
"RUSIA","KHABAROVSK"
"REPUBLICA_POPULAR_CHINA","SHANDONG"
"ECUADOR","NAPO"
"RUSIA","SAINT_PETERSBURG_CITY"
"MARTINIQUE","MARTINIQUE_DEPARTEMENT"
"CANADA","PRINCE_EDWARD_ISLAND"
"SERBIA","SIN-INFORMAR"
"VENEZUELA","APURE"
"TUNEZ","SIN_INFORMAR"
"REINO_UNIDO","CLWYD"
"ARGENTINA","NORDRHEIN-WESTFALEN"
"JAPON","NARA"
"UCRANIA","MYKOLAYIVS_KA_OBLAST"
"POLONIA","LODZKIE"
"REINO_UNIDO","CONWY"
"REPUBLICA_DOMINICANA","SANCHEZ_RAMIREZ"
"VIETNAM","HOA_BINH"
"PORTUGAL","AVEIRO"
"POLONIA","ZACHODNIOPOMORSKIE"
"POLONIA","POMORSKIE"
"IRLANDA","LEITRIM"
"PANAMA","HERRERA"
"JAPON","OITA"
"REINO_UNIDO","ANTRIM"
"NORUEGA","TELEMARK"
"NIGERIA","SIN_INFORMAR"
"NUEVA_ZELANDA","WESTLAND"
"QATAR","AD_DAWHAH"
"REINO_UNIDO","PORTSMOUTH"
"PERU","AMAZONAS"
"TURQUIA","AYDIN"
"HONDURAS","SANTA_BARBARA"
"FILIPINAS","CAVITE"
"HONDURAS","COMAYAGUA"
"NICARAGUA","SIN_INFORMAR"
"PORTUGAL","VIANA_DO_CASTELO"
"INDONESIA","SUMATERA_SELATAN"
"ISLANDIA","AKUREYRI"
"MONACO","MONTE-CARLO"
"REINO_UNIDO","ISLE_OF_WIGHT"
"REINO_UNIDO","STOKE-ON-TRENT"
"POLONIA","DOLNOSLASKIE"
"DINAMARCA","STADEN_KOBENHAVN"
"EMIRATOS_ARABES_UNIDOS","RAS_AL_KHAIMAH"
"REINO_UNIDO","SOUTH_AYRSHIRE"
"POLONIA","PODKARPACKIE"
"LITUANIA","VILNIAUS_APSKRITIS"
"ALBANIA","ELBASAN"
"COREA_DEL_SUR","KANGWON-DO"
"IRLANDA","TIPPERARY"
"NUEVA_ZELANDA","BAY_OF_ISLANDS"
"SAN_MARINO","MONTE_GIARDINO"
"ESLOVAQUIA","KOSICE"
"INDONESIA","KALIMANTAN_TIMUR"
"HONDURAS","COPAN"
"REINO_UNIDO","HARROW"
"VIETNAM","HA_NOI"
"REPUBLICA_POPULAR_CHINA","HEILONGJIANG"
"ARGENTINA","LIBERTADOR"
"ESLOVENIA","MARIBOR"
"TAILANDIA","CHIANG_RAI"
"REINO_UNIDO","VALE_OF_GLAMORGAN,_THE"
"ESPAÑA","MADRID"
"BOLIVIA","COCHABAMBA"
"ESPAÑA","IBIZA"
"MEXICO","MICHOACAN_DE_OCAMPO"
"COLOMBIA","CUNDINAMARCA"
"ESPAÑA","MALAGA"
"ESTADOS_UNIDOS","CALIFORNIA"
"ARGENTINA","JURISDICCION_FEDERAL"
"ESTADOS_UNIDOS","NEVADA"
"ESTADOS_UNIDOS","VIRGINIA"
"REPUBLICA_DOMINICANA","LA_ROMANA"
"ESTADOS_UNIDOS","MICHIGAN"
"FRANCIA","AQUITAINE"
"ECUADOR","PICHINCHA"
"ARGENTINA","ANTARTIDA"
"ARGENTINA","SIN_INFORMAR"
"ITALIA","VENETO"
"REPUBLICA_DOMINICANA","SIN_INFORMAR"
"AUSTRALIA","WESTERN_AUSTRALIA"
"CHILE","VALPARAISO"
"SUDAFRICA","WESTERN_CAPE"
"ESTADOS_UNIDOS","PENNSYLVANIA"
"CHILE","ANTOFAGASTA"
"REPUBLICA_CHECA","KRALOVEHRADECKY_KRAJ"
"JAPON","KANAGAWA"
"AUSTRIA","TIROL"
"AUSTRALIA","SOUTH_AUSTRALIA"
"COLOMBIA","ATLANTICO"
"ESTADOS_UNIDOS","IOWA"
"IRAQ","BAGHDAD"
"VENEZUELA","VARGAS"
"ITALIA","CAMPANIA"
"ESPAÑA","PALENCIA"
"SUDAFRICA","GAUTENG"
"URUGUAY","RIO_NEGRO"
"RUSIA","MOSCOW_CITY"
"VENEZUELA","MERIDA"
"BULGARIA","SOFIYA"
"COLOMBIA","VALLE_DEL_CAUCA"
"ESTADOS_UNIDOS","ARKANSAS"
"REINO_UNIDO","LEICESTERSHIRE"
"SUIZA","BASEL-LANDSCHAFT"
"SUDAFRICA","SIN_INFORMAR"
"REINO_UNIDO","NEWCASTLE_UPON_TYNE"
"HONG_KONG","HONG_KONG_(GENERAL)"
"ANDORRA","ENCAMP"
"REINO_UNIDO","CARDIFF"
"JAPON","SIN_INFORMAR"
"NORUEGA","AKERSHUS"
"Paises_Bajos","ZUID-HOLLAND"
"FRANCIA","BOURGOGNE"
"DINAMARCA","SIN_INFORMAR"
"JAPON","NAGANO"
"MEXICO","DURANGO"
"BOLIVIA","CIUDAD_DE_BUENOS_AIRES"
"REINO_UNIDO","MERTON"
"REINO_UNIDO","CROYDON"
"JAPON","YAMANASHI"
"JAPON","KYOTO"
"URUGUAY","RIVERA"
"REINO_UNIDO","OXFORDSHIRE"
"NORUEGA","HORDALAND"
"BIELORRUSIA","MINSK"
"POLONIA","MAZOWIECKIE"
"NUEVA_ZELANDA","HAWKES_BAY"
"REINO_UNIDO","NOTTINGHAMSHIRE"
"REINO_UNIDO","GLASGOW_CITY"
"PERU","LORETO"
"QATAR","AR_RAYYAN"
"NORUEGA","SIN_INFORMAR"
"REPUBLICA_DOMINICANA","LA_ALTAGRACIA"
"UCRANIA","TERNOPILS_KA_OBLAST"
"PANAMA","SIN_INFORMAR"
"REINO_UNIDO","BIRMINGHAM"
"PANAMA","LOS_SANTOS"
"IRLANDA","LIMERICK"
"FRANCIA","NORD-PAS-DE-CALAIS"
"SUIZA","THURGAU"
"PALESTINA","SIN_INFORMAR"
"ALEMANIA","SACHSEN"
"REINO_UNIDO","TYNE_AND_WEAR"
"REINO_UNIDO","EAST_RIDING_OF_YORKSHIRE"
"REINO_UNIDO","BOURNEMOUTH"
"VENEZUELA","PORTUGUESA"
"NORUEGA","TROMS"
"ALEMANIA","BRANDENBURG"
"TAILANDIA","SURAT_THANI"
"REINO_UNIDO","ROTHERHAM"
"CROACIA","GRAD_ZAGREB"
"CHILE","ARICA_Y_PARINACOTA"
"FILIPINAS","CAVITE_CITY"
"JAPON","YAMAGATA"
"PORTUGAL","VISEU"
"ESPAÑA","MELILLA"
"MACEDONIA","GEVGELIJA"
"MARRUECOS","RABAT-SALE"
"TURQUIA","ISTANBUL"
"ESLOVENIA","SIN_INFORMAR"
"URUGUAY","TACUAREMBO"
"VIETNAM","HO_CHI_MINH"
"SIRIA","HAMAH"
"PERU","CAJAMARCA"
"SIRIA","HIMS"
"UCRANIA","DONETS_KA_OBLAST"
"GEORGIA","SIN_INFORMAR"
"REPUBLICA_POPULAR_CHINA","SHAANXI"
"REPUBLICA_POPULAR_CHINA","ZHEJIANG"
"BELGICA","LIMBURG"
"COLOMBIA","META"
"FRANCIA","CHAMPAGNE-ARDENNE"
"POLONIA","KRAKOW"
"UCRANIA","POLTAVS_KA_OBLAST"
"TAILANDIA","CHANTHABURI"
"EMIRATOS_ARABES_UNIDOS","AJMAN"
"ECUADOR","CARCHI"
"BURUNDI","BURURI"
"IRLANDA","KERRY"
"REPUBLICA_POPULAR_CHINA","YUNNAN"
"EGIPTO","BUR_SAID"
"RUSIA","BRYANSK"
"NUEVA_ZELANDA","WAIRARAPA_SOUTH"
"MYANMAR","YANGON"
"NORUEGA","MORE_OG_ROMSDAL"
"URUGUAY","TREINTA_Y_TRES"
"ESLOVAQUIA","TRNAVA"
"OMAN","MASQAT"
"ARGELIA","ALGER"
"MOZAMBIQUE","SOFALA"
"RUSIA","KURSK"
"SUIZA","JURA"
"SUECIA","JONKOPINGS_LAN"
"GUYANA","SIN_INFORMAR"
"HONDURAS","YORO"
"GUATEMALA","SANTA_ROSA"
"BRASIL","PIAUI"
"BELICE","STANN_CREEK"
"NUEVA_ZELANDA","ROTORUA"
"REINO_UNIDO","SOUTHEND-ON-SEA"
"VIRGIN_ISLANDS_BRITISH","VIRGIN_ISLANDS,_BRITISH_(GENERAL)"
"FILIPINAS","BATANGAS"
"JAPON","KAGOSHIMA"
"BULGARIA","BURGAS"
"RUMANIA","SIN_INFORMAR"
"INDONESIA","JAWA_TIMUR"
"VENEZUELA","DEPENDENCIAS_FEDERALES"
"SUECIA","OREBRO_LAN"
"POLONIA","SLASKIE"
"RUSIA","STAVROPOL"
"SUECIA","KALMAR_LAN"
"ANGOLA","MOXICO"
"POLONIA","POZNAN"
"ESLOVENIA","TOLMIN"
"REPUBLICA_DOMINICANA","SANTIAGO_RODRIGUEZ"
"BAHAMAS","FREEPORT"
"JAMAICA","SAINT_JAMES"
"SAN_MARINO","FAETANO"
"ESTONIA","TALLINN"
"ARGENTINA","CAMION_(1) "
"ANTILLAS_HOLANDESAS","NETHERLANDS_ANTILLES_(GENERAL)"
"REPUBLICA_DOMINICANA","ELIAS_PINA"
"BULGARIA","PLEVEN"
"COREA_DEL_SUR","CHOLLA-NAMDO"
"JAPON","WAKAYAMA"
" ","MENDOZA"
" ","JUJUY"
"COREA_DEL_SUR","CH_UNGCH_ONG-NAMDO"
"SUECIA","MALMOHUS_LAN"
"REINO_UNIDO","DONCASTER"
" ","FORMOSA"
"ARGENTINA","CIUDAD_AUTONOMA"
"REINO_UNIDO","STOCKTON-ON-TEES"
"ESLOVENIA","KAMNIK"
"ESTADOS_UNIDOS","BUENOS_AIRES"
"REPUBLICA_POPULAR_CHINA","HEBEI"
"REPUBLICA_DOMINICANA","DUARTE"
"JORDANIA","SIN_INFORMAR"
"GRECIA","KHALKIDHIKI"
"GUATEMALA","HUEHUETENANGO"
"REPUBLICA_DOMINICANA","AZUA"
"REINO_UNIDO","BURY"
"MARRUECOS","ESSAOUIRA"
" ","TUCUMAN"
"ARGENTINA","SALTA"
"ARGENTINA","CHUBUT"
"ARGENTINA","CORRIENTES"
"ARGENTINA","JUJUY"
"ARGENTINA","SAN_LUIS"
"ESTADOS_UNIDOS","MINNESOTA"
"ESPAÑA","VALENCIA"
"BRASIL","GOIAS"
"VENEZUELA","ARAGUA"
"ESPAÑA","GUADALAJARA"
"ESPAÑA","PONTEVEDRA"
"ESPAÑA","ALMERIA"
"URUGUAY","MONTEVIDEO"
"ESTADOS_UNIDOS","UTAH"
"SUIZA","BERN"
"BOLIVIA","POTOSI"
"VENEZUELA","MIRANDA"
"ISRAEL","TEL_AVIV"
"BOLIVIA","SIN_INFORMAR"
"ESPAÑA","SALAMANCA"
"ESPAÑA","LLEIDA"
"VENEZUELA","CARABOBO"
"ESTADOS_UNIDOS","INDIANA"
"BELGICA","ANTWERPEN"
"CHILE","BIO-BIO"
"VENEZUELA","NUEVA_ESPARTA"
"COSTA_RICA","ALAJUELA"
"ESTADOS_UNIDOS","SIN_INFORMAR"
"ITALIA","TOSCANA"
"ESTADOS_UNIDOS","OKLAHOMA"
"ESTADOS_UNIDOS","WYOMING"
"BELGICA","BRUSSELS_HOOFDSTEDELIJK_GEWEST"
"ISRAEL","HADAROM"
"REINO_UNIDO","BERKSHIRE"
"AUSTRALIA","QUEENSLAND"
"JAPON","SHIZUOKA"
"COSTA_RICA","LIMON"
"CUBA","CIUDAD_DE_LA_HABANA"
"ESTADOS_UNIDOS","IDAHO"
"ESPAÑA","NAVARRA"
"ESTADOS_UNIDOS","MAINE"
"JAPON","SAITAMA"
"BELGICA","OOST-VLAANDEREN"
"CANADA","NEW_BRUNSWICK"
"SUIZA","TICINO"
"TAILANDIA","NONTHABURI"
"CANADA","NEWFOUNDLAND"
"REPUBLICA_POPULAR_CHINA","SHANGHAI"
"FRANCIA","BASSE-NORMANDIE"
"PARAGUAY","SAN_PEDRO"
"SUECIA","VASTRA_GOTALAND"
"ESTADOS_UNIDOS","LOUISIANA"
"PORTUGAL","SETUBAL"
"JAPON","GUMMA"
"JAPON","SHIGA"
"VENEZUELA","TACHIRA"
"REINO_UNIDO","MILTON_KEYNES"
"JORDANIA","AMMAN"
"HUNGRIA","BUDAPEST"
"REINO_UNIDO","CORNWALL"
"ECUADOR","LOJA"
"BRASIL","MATO_GROSSO_DO_SUL"
"BRASIL","PARAIBA"
"AUSTRIA","OBEROSTERREICH"
"REINO_UNIDO","BEDFORDSHIRE"
"REINO_UNIDO","LEICESTER"
"REINO_UNIDO","LISBURN"
"REINO_UNIDO","BRISTOL,_CITY_OF"
"VIETNAM","H?_CHI_MINH_MUNICIPALITY"
"RUSIA","SIN_INFORMAR"
"REINO_UNIDO","SOUTHAMPTON"
"ANGOLA","LUANDA"
"IRLANDA","SIN_INFORMAR"
"DINAMARCA","VIBORG"
"REINO_UNIDO","MANCHESTER"
"ESPAÑA","CEUTA"
"MEXICO","COLIMA"
"ALEMANIA","SACHSEN-ANHALT"
"TAIWAN","T_AI-WAN"
"PERU","APURIMAC"
"CHIPRE","SIN_INFORMAR"
"EGIPTO","SIN_INFORMAR"
"ESTADOS_UNIDOS","VERMONT"
"PANAMA","BOCAS_DEL_TORO"
"REINO_UNIDO","DERBYSHIRE"
"HONDURAS","CORTES"
"PARAGUAY","CANINDEYU"
"IRLANDA","WESTMEATH"
"GRECIA","KIKLADHES"
"UCRANIA","KHARKIVS_KA_OBLAST"
"JAPON","ISHIKAWA"
"REINO_UNIDO","DORSET"
"FRANCIA","CORSE"
"PERU","PUNO"
"TURQUIA","IZMIR"
"ESLOVENIA","CELJE"
"SERBIA_Y_MONTENEGRO","SIN_INFORMAR"
"COLOMBIA","CAUCA"
"HONDURAS","ISLAS_DE_LA_BAHIA"
"REPUBLICA_DOMINICANA","BARAHONA"
"NIGERIA","ABUJA_CAPITAL_TERRITORY"
"COREA_DEL_SUR","INCH_ON-JIKHALSI"
"RUSIA","SVERDLOVSK"
"TAILANDIA","RAYONG"
"MALTA","MALTA_(GENERAL)"
"ESTONIA","HARJUMAA"
"PARAGUAY","CHACO"
"NUEVA_ZELANDA","WAIMATE"
"IRLANDA","WICKLOW"
"TAILANDIA","UDON_THANI"
"NUEVA_ZELANDA","WAIKATO"
"ANTARTIDA","SIN_INFORMAR"
"REINO_UNIDO","WEST_GLAMORGAN"
"GUATEMALA","SIN_INFORMAR"
"SUIZA","AUSSER-RHODEN"
"REINO_UNIDO","GWENT"
"CHILE","SANTA_CRUZ"
"GUATEMALA","SOLOLA"
"COREA_DEL_SUR","CHEJU-DO"
"ESLOVENIA","DOBROVA-HORJUL-POLHOV_GRADEC"
"SUIZA","INNER-RHODEN"
"POLONIA","LUBLIN"
"LESOTO","BEREA"
"RUSIA","TATARSTAN"
"SIRIA","RIF_DIMASHQ"
"CROACIA","SIBENSKO-KNINSKA"
"PERU","TUMBES"
"ESTONIA","TARTU"
"Paises_Bajos","ZEELAND"
"IRLANDA","CARLOW"
"ECUADOR","BOLIVAR"
"FRENCH_SOUTHERN_TERRITORIES","SIN_INFORMAR"
"FINLANDIA","EASTERN_FINLAND"
"ESLOVAQUIA","TRENCIN"
"GUATEMALA","QUETZALTENANGO"
"REINO_UNIDO","HIGHLAND"
"HOLANDA","ZEELAND"
"COREA_DEL_SUR","TAEJON-JIKHALSI"
"REINO_UNIDO","DURHAM"
"SANTA_LUCIA","GROS-ISLET"
" ","CORDOBA"
" ","ENTRE RIOS"
"ARABIA_SAUDITA","AL_QASIM"
"EL_SALVADOR","SONSONATE"
"ISLAS_CAIMAN","WEST_END"
"TAILANDIA","TAK"
"REPUBLICA_CHECA","USTECKY_KRAJ"
"SUIZA","URI"
"NUEVA_ZELANDA","RODNEY"
"PERU","HUANCAVELICA"
"ARGENTINA","RIO_NEGRO"
"ARGENTINA","SANTIAGO_DEL_ESTERO"
"ARGENTINA","SANTA_CRUZ"
"AUSTRALIA","VICTORIA"
"REPUBLICA_POPULAR_CHINA","FUJIAN"
"URUGUAY","MALDONADO"
"FRANCIA","ILE-DE-FRANCE"
"Paises_Bajos","NOORD-HOLLAND"
"URUGUAY","SALTO"
"ESPAÑA","VIZCAYA"
"ESPAÑA","MALLORCA"
"PERU","CUSCO"
"URUGUAY","CERRO_LARGO"
"SUIZA","LUZERN"
"MEXICO","NUEVO_LEON"
"ESPAÑA","GIRONA"
"COSTA_RICA","SAN_JOSE"
"NUEVA_ZELANDA","SIN_INFORMAR"
"PANAMA","PANAMA"
"CHILE","COQUIMBO"
"ESTADOS_UNIDOS","WASHINGTON"
"EMIRATOS_ARABES_UNIDOS","ABU_DHABI"
"FRANCIA","HAUTE-NORMANDIE"
"MEXICO","BAJA_CALIFORNIA"
"BRASIL","ESPIRITO_SANTO"
"ESPAÑA","AVILA"
"FRANCIA","LANGUEDOC-ROUSSILLON"
"REINO_UNIDO","SIN_INFORMAR"
"CHILE","LOS_LAGOS"
"ESPAÑA","MURCIA"
"ITALIA","TRENTINO-ALTO_ADIGE"
"FRANCIA","RHONE-ALPES"
"BELGICA","LIEGE"
"COLOMBIA","SANTANDER"
"INDONESIA","BALI"
"JAPON","OKINAWA"
"ESPAÑA","ORENSE"
"ISRAEL","HAMERKAZ"
"ESPAÑA","VALLADOLID"
"FRANCIA","PAYS_DE_LA_LOIRE"
"AUSTRIA","STEIERMARK"
"REINO_UNIDO","CAMBRIDGESHIRE"
"REINO_UNIDO","EDINBURGH,_CITY_OF"
"TURQUIA","ANKARA"
"MEXICO","YUCATAN"
"REPUBLICA_CHECA","SIN_INFORMAR"
"JAPON","TOYAMA"
"ITALIA","SARDEGNA"
"MEXICO","CHIHUAHUA"
"Paises_Bajos","OVERIJSSEL"
"HAITI","OUEST"
"REPUBLICA_POPULAR_CHINA","GUANGDONG"
"ESLOVENIA","MENGES"
"LIBANO","LIBAN-NORD"
"ESTADOS_UNIDOS","SOUTH_DAKOTA"
"URUGUAY","ARTIGAS"
"PERU","AYACUCHO"
"ALBANIA","TIRANE"
"ITALIA","VALLE_D_AOSTA"
"CHILE","TARAPACA"
"REINO_UNIDO","YORK"
"VENEZUELA","LARA"
"REPUBLICA_POPULAR_CHINA","SIN_INFORMAR"
"VENEZUELA","BARINAS"
"PARAGUAY","NUEVA_ASUNCION"
"REINO_UNIDO","KENT"
"ESPAÑA",""
"ANDORRA","ESCALDES-ENGORDANY"
"JAPON","IBARAKI"
"PERU","JUNIN"
"IRLANDA","CLARE"
"FRANCIA","ALSACE"
"GUATEMALA","SAN_MARCOS"
"UCRANIA","KYYIV"
"KUWAIT","SIN_INFORMAR"
"UCRANIA","L_VIVS_KA_OBLAST"
"UCRANIA","KYYIVS_KA_OBLAST"
"ARABIA_SAUDITA","SIN_INFORMAR"
"JAPON","MIE"
"SEYCHELLES","GLACIS"
"SUIZA","FRIBOURG"
"JAPON","FUKUOKA"
"PORTUGAL","SANTAREM"
"MALASIA","WILAYAH_PERSEKUTUAN"
"TAIWAN","SIN_INFORMAR"
"SUIZA","GLARUS"
"ESLOVENIA","RADOVLJICA"
"FRANCIA","POITOU-CHARENTES"
"REINO_UNIDO","GLOUCESTERSHIRE"
"PARAGUAY","BUENOS_AIRES"
"ZIMBABUE","MASHONALAND_CENTRAL"
"MARRUECOS","CASABLANCA"
"Paises_Bajos","DRENTHE"
"COSTA_RICA","SIN_INFORMAR"
"AUSTRIA","SALZBURG"
"PERU","TACNA"
"REINO_UNIDO","EAST_RENFREWSHIRE"
"Paises_Bajos","NOORD-BRABANT"
"NUEVA_ZELANDA","SOUTHLAND"
"PORTUGAL","LEIRIA"
"GUADALUPE","GUADELOUPE_DEPARTEMENT"
"ZAMBIA","LUSAKA"
"HOLANDA","GELDERLAND"
"ARMENIA","ARARAT"
"NUEVA_ZELANDA","KAIKOURA"
"PARAGUAY","AMAMBAY"
"RUMANIA","CONSTANTA"
"ISLANDIA","REYKJAVIK"
"COLOMBIA","BOYACA"
"TURQUIA","BALIKESIR"
"UCRANIA","RIVNENS_KA_OBLAST"
"HONG_KONG","SIN_INFORMAR"
"ARGENTINA","RHEINLAND-PFALZ"
"HOLANDA","FLEVOLAND"
"UCRANIA","DNIPROPETROVS_KA_OBLAST"
"REINO_UNIDO","HUMBERSIDE"
"UCRANIA","CHERKAS_KA_OBLAST"
"SUIZA","OBWALDEN"
"ISRAEL","YEHUDA_VESHOMRON"
"TURQUIA","ANTALYA"
"GUINEA_ECUATORIAL","BIOKO_NORTE"
"UCRANIA","CHERNIHIVSKA_OBLAST"
"REINO_UNIDO","BRIDGEND"
"REINO_UNIDO","WESTMINSTER"
"REINO_UNIDO","PEMBROKESHIRE"
"FILIPINAS","LIPA"
"REINO_UNIDO","FIFE"
"REPUBLICA_DOMINICANA","SAN_CRISTOBAL"
"REINO_UNIDO","LAMBETH"
"JAPON","HOKKAIDO"
"REINO_UNIDO","WORCESTERSHIRE"
"CUBA","MATANZAS"
"RUSIA","KALININGRAD"
"REPUBLICA_DOMINICANA","MARIA_TRINIDAD_SANCHEZ"
"UCRANIA","KHERSONS_KA_OBLAST"
"VENEZUELA","DELTA_AMACURO"
"HONDURAS","SIN_INFORMAR"
"LETONIA","SIN_INFORMAR"
"GRECIA","ILIA"
"REINO_UNIDO","HILLINGDON"
"SANTA_LUCIA","CASTRIES"
"VIRGIN_ISLANDS_U.S.","SIN_INFORMAR"
"RUMANIA","CALARASI"
"REINO_UNIDO","LUTON"
"INDONESIA","BANTEN"
"SUDAN","SIN_INFORMAR"
"UCRANIA","ZAPORIZ_KA_OBLAST"
" ","SANTA CRUZ"
" ","TIERRA DEL FUEGO"
"LIECHTENSTEIN","ESCHEN"
"REPUBLICA_DOMINICANA","PERAVIA"
"PORTUGAL","VILA_REAL"
"REINO_UNIDO","ISLE_OF_ANGLESEY"
"SUDAFRICA","NORTHERN_CAPE"
"GUATEMALA","RETALHULEU"
"ECUADOR","MORONA-SANTIAGO"
"GRECIA","KHIOS"
"ARGENTINA","CATAMARCA"
"",""
"ESPAÑA","BARCELONA"
"MEXICO","DISTRITO_FEDERAL"
"REINO_UNIDO","LONDON,_CITY_OF"
"ESTADOS_UNIDOS","FLORIDA"
"ESTADOS_UNIDOS","TEXAS"
"CANADA","QUEBEC"
"ESPAÑA","CACERES"
"BOLIVIA","TARIJA"
"BRASIL","SAO_PAULO"
"CHILE","LOS_RíOS"
"FRANCIA","SIN_INFORMAR"
"ALEMANIA","SIN_INFORMAR"
"ESTADOS_UNIDOS","SOUTH_CAROLINA"
"COLOMBIA","ANTIOQUIA"
"ISRAEL","SIN_INFORMAR"
"URUGUAY","COLONIA"
"BRASIL","PARANA"
"CHILE","LIBERTADOR_GENERAL_BERNARDO_OHIGGINS"
"ESPAÑA","BURGOS"
"ESTADOS_UNIDOS","MASSACHUSETTS"
"PERU","ICA"
"ESTADOS_UNIDOS","DISTRICT_OF_COLUMBIA"
"BRASIL","RIO_GRANDE_DO_SUL"
"LIBANO","MONT-LIBAN"
"ESTADOS_UNIDOS","NORTH_CAROLINA"
"PARAGUAY","SIN_INFORMAR"
"EL_SALVADOR","LA_LIBERTAD"
"ESTADOS_UNIDOS","KENTUCKY"
"AUSTRALIA","SIN_INFORMAR"
"MEXICO","AGUASCALIENTES"
"MEXICO","SIN_INFORMAR"
"ESPAÑA","TOLEDO"
"ESTADOS_UNIDOS","DELAWARE"
"HOLANDA","ZUID-HOLLAND"
"SUIZA","BASEL-STADT"
"COREA_DEL_SUR","SIN_INFORMAR"
"MEXICO","HIDALGO"
"HOLANDA","NOORD-HOLLAND"
"ESPAÑA","JAEN"
"REINO_UNIDO","DEVON"
"NICARAGUA","MANAGUA"
"REINO_UNIDO","SOUTH_YORKSHIRE"
"ESTADOS_UNIDOS","OHIO"
"PORTUGAL","LISBOA"
"TAILANDIA","PATHUM_THANI"
"ITALIA","CALABRIA"
"LIBANO","LIBAN-SUD"
"COLOMBIA","AMAZONAS"
"BRASIL","SERGIPE"
"ESPAÑA","ALAVA"
"SUECIA","VASTERBOTTENS_LAN"
"CHILE","MAGALLANES_Y_DE_LA_ANTARTICA_CHILENA"
"MEXICO","OAXACA"
"SUIZA","VALAIS"
"JAPON","HYOGO"
"REINO_UNIDO","WAKEFIELD"
"ISLAS_CAIMAN","SIN_INFORMAR"
"SUECIA","STOCKHOLMS_LAN"
"AUSTRIA","WIEN"
"ESTADOS_UNIDOS","NEBRASKA"
"RUSIA","ASTRAKHAN"
"INDONESIA","SIN_INFORMAR"
"REINO_UNIDO","MONMOUTHSHIRE"
"BULGARIA","VELIKO_TURNOVO"
"BELGICA","BRABANT_WALLON"
"PERU","HUANUCO"
"COSTA_RICA","PUNTARENAS"
"ESTADOS_UNIDOS","RHODE_ISLAND"
"AUSTRIA","NIEDEROSTERREICH"
"COLOMBIA","CALDAS"
"KIRGUISTAN","SIN_INFORMAR"
"INDONESIA","RIAU"
"FINLANDIA","SOUTHERN_FINLAND"
"DOMINICA","SIN_INFORMAR"
"INDIA","DELHI"
"CHILE","AISEN_DEL_GRAL_CARLOS_IBANEZ_DEL_CAMPO"
"KUWAIT","AL_AHMADI"
"REPUBLICA_POPULAR_CHINA","GUANGXI"
"QATAR","SIN_INFORMAR"
"COLOMBIA","RISARALDA"
"SUDAFRICA","EASTERN_CAPE"
"SAN_MARINO","SIN_INFORMAR"
"KUWAIT","AL_KUWAYT"
"BAHAMAS","SIN_INFORMAR"
"FRANCIA","AUVERGNE"
"ISRAEL","HEFA"
"REPUBLICA_POPULAR_CHINA","JIANGSU"
"COLOMBIA","SAN_ANDRES_Y_PROVIDENCIA"
"BRASIL","AMAPA"
"FILIPINAS","CEBU"
"HOLANDA","SIN_INFORMAR"
"ARABIA_SAUDITA","ASH_SHARQIYAH"
"FILIPINAS","SIN_INFORMAR"
"POLONIA","KUJAWSKO-POMORSKIE"
"UCRANIA","CHERNIVETS_KA_OBLAST"
"PARAGUAY","NEEMBUCU"
"TRINIDAD_Y_TOBAGO","PORT-OF-SPAIN"
"BAHAMAS","NEW_PROVIDENCE"
"REINO_UNIDO","READING"
"CAMBOYA","SIEMREAB-OTDAR_MEANCHEY"
"ANDORRA","SANT_JULIA_DE_LORIA"
"REINO_UNIDO","SHEFFIELD"
"ESTADOS_UNIDOS","VIRGIN_ISLANDS"
"AUSTRALIA","TASMANIA"
"SUIZA","GRAUBUNDEN"
"CUBA","VILLA_CLARA"
"ARUBA","SIN_INFORMAR"
"INDIA","HARYANA"
"ESLOVENIA","IDRIJA"
"DINAMARCA","FYN"
"NUEVA_ZELANDA","TARANAKI"
"ANTILLAS_HOLANDESAS","SIN_INFORMAR"
"REINO_UNIDO","DUNDEE_CITY"
"Paises_Bajos","GELDERLAND"
"LIBANO","BUENOS_AIRES"
"REINO_UNIDO","SALFORD"
"ECUADOR","CANAR"
"REINO_UNIDO","BRENT"
"Paises_Bajos","LIMBURG"
"MOZAMBIQUE","SIN_INFORMAR"
"SUECIA","VASTERNORRLANDS_LAN"
"PERU","PASCO"
"PANAMA","COCLE"
"COLOMBIA","LA_GUAJIRA"
"HOLANDA","OVERIJSSEL"
"KENIA","NAIROBI_AREA"
"CHIPRE","NICOSIA"
"REINO_UNIDO","WEST_YORKSHIRE"
"UCRANIA","ODES_KA_OBLAST"
"ESLOVAQUIA","BRATISLAVA"
"FRENCH_GUIANA","GUYANE_DEPARTEMENT"
"MALASIA","PULAU_PINANG"
"IRLANDA","DONEGAL"
"JAPON","GIFU"
"REINO_UNIDO","NORTHUMBERLAND"
"GRECIA","AKHAIA"
"MOLDAVIA","CHISINAU"
"REINO_UNIDO","WEST_LOTHIAN"
"REPUBLICA_DOMINICANA","LA_VEGA"
"REINO_UNIDO","SOUTH_GLAMORGAN"
"CAMBOYA","PHNUM_PENH"
"REINO_UNIDO","BARNET"
"GUATEMALA","CHIMALTENANGO"
"DINAMARCA","ROSKILDE"
"EL_SALVADOR","SANTA_ANA"
"TAILANDIA","CHIANG_MAI"
"REINO_UNIDO","NEWPORT"
"RUSIA","ROSTOV"
"ARMENIA","SIN_INFORMAR"
"COLOMBIA","CAQUETA"
"CUBA","HOLGUIN"
"ARGELIA","ORAN"
"ESTADO_DE_CIUDAD_DEL_VATICANO","SIN_INFORMAR"
"SAN_MARINO","FIORENTINO"
"GUATEMALA","ALTA_VERAPAZ"
"LUXEMBURGO","DIEKIRCH"
"BOTSUANA","SOUTH-EAST"
"SUECIA","GOTLANDS_LAN"
"REPUBLICA_POPULAR_CHINA","TIANJIN"
"BOSNIA_Y_HERZEGOVINA","SIN_INFORMAR"
"REINO_UNIDO","FALKIRK"
"REINO_UNIDO","SHROPSHIRE"
"JAPON","AOMORI"
"NICARAGUA","CHONTALES"
"RUMANIA","ILFOV"
"BOLIVIA","BUENOS_AIRES"
"NUEVA_ZELANDA","TAUPO"
"REINO_UNIDO","CLEVELAND"
"INDONESIA","JAWA_BARAT"
"ESLOVAQUIA","SIN_INFORMAR"
"INDIA","KARNATAKA"
"ARMENIA","SHIRAK"
"COSTA_DE_MARFIL","GAGNOA"
"GRECIA","IRAKLION"
"PAKISTAN","PUNJAB"
"REINO_UNIDO","GRAMPIAN"
"REINO_UNIDO","HACKNEY"
" ","SALTA"
" ","MISIONES"
"PERU","UCAYALI"
"BULGARIA","LOVECH"
"REPUBLICA_CHECA","JIHOCESKY_KRAJ"
"BELICE","BELIZE"
" ","SAN LUIS"
"GUATEMALA","ZACAPA"
"REINO_UNIDO","CARMARTHENSHIRE"
"NUEVA_ZELANDA","WHAKATANE"
"JAPON","YAMAGUCHI"
"SUDAFRICA","LIMPOPO"
"REINO_UNIDO","STOCKPORT"
"REINO_UNIDO","GREENWICH"
" ","RIO NEGRO"
"ESLOVENIA","CERKLJE_NA_GORENJSKEM"
" ","CHACO"
"NORUEGA","AUST-AGDER"
"ARGENTINA","CIUDAD_DE_BUENOS_AIRES"
"ARGENTINA","CHACO"
"ARGENTINA","NEUQUEN"
"ARGENTINA","LA_RIOJA"
"ITALIA","SIN_INFORMAR"
"MEXICO","MEXICO"
"BRASIL","SANTA_CATARINA"
"ITALIA","LAZIO"
"PARAGUAY","ITAPUA"
"ESPAÑA","GUIPUZCOA"
"MEXICO","VERACRUZ-LLAVE"
"MEXICO","PUEBLA"
"ESPAÑA","CADIZ"
"GUATEMALA","GUATEMALA"
"BRASIL","DISTRITO_FEDERAL"
"ESPAÑA","CASTELLON"
"MEXICO","MORELOS"
"FINLANDIA","SIN_INFORMAR"
"Paises_Bajos","SIN_INFORMAR"
"MEXICO","JALISCO"
"JAPON","AICHI"
"ESPAÑA","LA_CORUÑA"
"ECUADOR","GUAYAS"
"ESTADOS_UNIDOS","MARYLAND"
"ESTADOS_UNIDOS","ARIZONA"
"PARAGUAY","CORDILLERA"
"PUERTO_RICO","SIN_INFORMAR"
"ESTADOS_UNIDOS","TENNESSEE"
"COLOMBIA","TOLIMA"
"ALEMANIA","BREMEN"
"URUGUAY","SAN_JOSE"
"BRASIL","MINAS_GERAIS"
"FRANCIA","CENTRE"
"ESPAÑA","ZARAGOZA"
"ESTADOS_UNIDOS","NEW_MEXICO"
"CHILE","ARAUCANIA"
"MEXICO","GUANAJUATO"
"ITALIA","PUGLIA"
"REPUBLICA_DOMINICANA","DISTRITO_NACIONAL"
"ARABIA_SAUDITA","AR_RIYAD"
"REINO_UNIDO","SOLIHULL"
"IRLANDA","KILKENNY"
"PARAGUAY","MISIONES"
"NUEVA_ZELANDA","WHANGAREI"
"PUERTO_RICO","PUERTO_RICO_(GENERAL)"
"VENEZUELA","YARACUY"
"REINO_UNIDO","WOKINGHAM"
"BRASIL","SIN_INFORMAR"
"BELGICA","SIN_INFORMAR"
"URUGUAY","DURAZNO"
"VENEZUELA","ANZOATEGUI"
"ESPAÑA","SORIA"
"LIBANO","BEQAA"
"ESPAÑA","CIUDAD_REAL"
"VENEZUELA","SUCRE"
"TAILANDIA","KRUNG_THEP"
"PORTUGAL","GUARDA"
"BRASIL","CEARA"
"REINO_UNIDO","NEWHAM"
"NORUEGA","OSLO"
"CHILE","MAULE"
"GRECIA","SIN_INFORMAR"
"ESTADOS_UNIDOS","MISSISSIPPI"
"ANDORRA","CANILLO"
"BELGICA","BRABANT"
"ECUADOR","COTOPAXI"
"PERU","ANCASH"
"REINO_UNIDO","HAMPSHIRE"
"JAPON","OSAKA"
"JAPON","CHIBA"
"PERU","MOQUEGUA"
"PANAMA","VERAGUAS"
"SINGAPUR","SIN_INFORMAR"
"ARABIA_SAUDITA","MAKKAH"
"CUBA","SIN_INFORMAR"
"COLOMBIA","BOLIVAR"
"LUXEMBURGO","SIN_INFORMAR"
"COLOMBIA","SIN_INFORMAR"
"ISRAEL","HAZAFON"
"ESTADOS_UNIDOS","WEST_VIRGINIA"
"REINO_UNIDO","HEREFORDSHIRE"
"REINO_UNIDO","EAST_SUSSEX"
"ESLOVENIA","CERKNICA"
"BULGARIA","SIN_INFORMAR"
"PERU","LAMBAYEQUE"
"REINO_UNIDO","WILTSHIRE"
"EGIPTO","AL_ISKANDARIYAH"
"REINO_UNIDO","SWINDON"
"REPUBLICA_DOMINICANA","PUERTO_PLATA"
"IRLANDA","GALWAY"
"ALEMANIA","THURINGEN"
"GUATEMALA","SACATEPEQUEZ"
"SUIZA","NIDWALDEN"
"ARMENIA","YEREVAN"
"SUECIA","SKANE_LAN"
"FRANCIA","LORRAINE"
"REINO_UNIDO","LEEDS"
"AUSTRALIA","AUSTRALIAN_CAPITAL_TERRITORY"
"HOLANDA","NOORD-BRABANT"
"VENEZUELA","COJEDES"
"BELICE","CAYO"
"DINAMARCA","NORDJYLLAND"
"IRLANDA","MEATH"
"BOTSUANA","SIN_INFORMAR"
"ITALIA","BASILICATA"
"JAPON","OKAYAMA"
"REINO_UNIDO","ABERDEEN_CITY"
"AUSTRIA","VORARLBERG"
"IRLANDA","LOUTH"
"REINO_UNIDO","SWANSEA"
"MACEDONIA","SIN_INFORMAR"
"NORUEGA","OSTFOLD"
"REPUBLICA_POPULAR_CHINA","NEI_MONGOL"
"BELGICA","VLAAMS-BRABANT"
"POLONIA","SIN_INFORMAR"
"REINO_UNIDO","HOUNSLOW"
"POLONIA","WIELKOPOLSKIE"
"ECUADOR","CHIMBORAZO"
"REINO_UNIDO","SUTTON"
"TANZANIA","KIGOMA"
"REINO_UNIDO","TOWER_HAMLETS"
"RUSIA","NOVOSIBIRSK"
"SUECIA","KRONOBERGS_LAN"
"ESTADOS_UNIDOS","MONTANA"
"SUDAFRICA","MPUMALANGA"
"REINO_UNIDO","STAFFORDSHIRE"
"MALASIA","SIN_INFORMAR"
"HOLANDA","LIMBURG"
"REINO_UNIDO","ROCHDALE"
"COSTA_DE_MARFIL","ABIDJAN"
"SUECIA","OSTERGOTLANDS_LAN"
"REINO_UNIDO","LIVERPOOL"
"GRECIA","THESSALONIKI"
"TURQUIA","ICEL"
"REINO_UNIDO","ENFIELD"
"SIRIA","TARTUS"
"PERU","MADRE_DE_DIOS"
"REINO_UNIDO","RHONDDA_CYNON_TAFF"
"REINO_UNIDO","DOWN"
"UGANDA","KAMPALA"
"TUNEZ","TUNIS"
"PORTUGAL","AZORES"
"ANGOLA","LUANDA_PROVINCE"
"REINO_UNIDO","SLOUGH"
"NUEVA_ZELANDA","FRANKLIN"
"ALBANIA","VLORE"
"JAPON","HIROSHIMA"
"ARABIA_SAUDITA","AL_HUDUD_ASH_SHAMALIYAH"
"ARGELIA","SIN_INFORMAR"
"MALTA","SIN_INFORMAR"
"ISLANDIA","SIN_INFORMAR"
"BRASIL","AMAZONAS"
"LUXEMBURGO","GREVENMACHER"
"LIBIA","TARABULUS"
"AUSTRALIA","NORTHERN_TERRITORY"
"SRI_LANKA","COLOMBO"
"TAILANDIA","UBON_RATCHATHANI"
"SURINAM","PARAMARIBO"
"JAMAICA","SIN_INFORMAR"
"REINO_UNIDO","MEDWAY"
"BULGARIA","VARNA"
"IRLANDA","LAOIS"
"SAN_MARINO","DOMAGNANO"
"REPUBLICA_POPULAR_CHINA","HAINAN"
" ","LA RIOJA"
"HOLANDA","DRENTHE"
"TAILANDIA","PRACHUAP_KHIRI_KHAN"
"ARGENTINA","CONSULADOS"
" ","CORRIENTES"
"ESLOVENIA","IZOLA-ISOLA"
"ARGENTINA","ZUID-HOLLAND"
"REINO_UNIDO","ISLINGTON"
"HONDURAS","OLANCHO"
"RUMANIA","IALOMITA"
"ARGENTINA","VICTORIA_ESTE"
"BIELORRUSIA","BRESTSKAYA_VOBLASTS"
"ARABIA_SAUDITA","AL_MADINAH"
